customer_id,customer_name,email,city,state,signup_date
1,Timothy Mitchell,vazquezjoseph@example.com,Andrewstown,Vermont,2026-03-18
2,Nicole Johnson,fullertodd@example.net,Jennaton,Wyoming,2024-10-31
3,Keith Dorsey,matthew20@example.org,Josephmouth,Michigan,2025-07-12
4,Kimberly Fischer,teresavillarreal@example.org,Port Nancy,Pennsylvania,2024-09-25
5,Todd Powell,timothytaylor@example.org,Butlerland,Missouri,2026-05-12
6,Hayley Stewart,dukeyvonne@example.net,North Jamesstad,Arkansas,2026-06-29
7,Victor Hernandez,qdavis@example.org,Lorihaven,New Jersey,2025-12-29
8,Courtney Mendoza,jessicaalexander@example.org,Matthewburgh,South Dakota,2025-10-12
9,Mark Duncan,osbornejerry@example.com,Ryantown,Arkansas,2026-04-04
10,Anthony Rivera,santanaamber@example.net,Douglasville,Tennessee,2026-01-20
11,Roger White,michaelwalker@example.org,New Dylan,Alaska,2026-01-10
12,Alexa Johnson,garciaseth@example.net,North Jamesshire,California,2026-01-11
13,Daniel York,tcarr@example.net,Atkinsonville,Hawaii,2025-04-10
14,Samuel Henson,jamesbailey@example.org,Port Darius,Indiana,2025-10-01
15,Jennifer Schneider,williamsjennifer@example.com,New Davidfort,Maryland,2025-10-20
16,Nancy York,palmermichael@example.org,New Loganburgh,Wyoming,2026-03-06
17,Kevin Roach,lesliehardy@example.org,Port Emily,South Dakota,2024-12-12
18,Brandon Barker,craig60@example.org,Jonville,South Carolina,2025-03-28
19,Brittney Farrell,kimberly66@example.com,Carrilloberg,Vermont,2024-10-27
20,Dalton Davis,denisebarnes@example.com,East Christina,South Carolina,2026-04-21
21,John Peterson,williamjackson@example.com,East Melissaport,Nevada,2025-08-29
22,Roberta Washington,zholder@example.org,East Sabrina,Hawaii,2025-05-28
23,James Ramirez,bauerdavid@example.org,New Pamela,Arkansas,2026-07-25
24,Dr. Victoria Harris,hvargas@example.org,Nguyentown,Idaho,2024-10-28
25,Jessica Perez,xchapman@example.com,North Michaelburgh,New York,2025-03-23
26,Mia Jones,jjohnson@example.net,Lake Morganfurt,New Jersey,2026-02-14
27,Brian Hale,michael41@example.com,North Christine,Montana,2025-08-11
28,Christine Chen,thomasdiane@example.net,Jenniferside,South Carolina,2024-11-23
29,Diane Martinez,anita11@example.net,Bryantshire,Wyoming,2024-10-18
30,Richard Baxter,atkinswilliam@example.net,North Robertville,Nevada,2025-08-27
31,Gabriella Bell,carla49@example.net,Espinozachester,Maryland,2025-01-17
32,Donald Bright,eflowers@example.org,West Brendachester,Kansas,2026-01-25
33,Alexis Ross,john18@example.net,North Dalton,Alaska,2026-06-12
34,Jerry Weaver,wzimmerman@example.org,Alexfort,South Carolina,2026-06-14
35,Alicia Reynolds,ncross@example.org,Port Richardburgh,Tennessee,2025-07-17
36,Susan Hansen,jduran@example.org,West Deniseport,New York,2024-10-23
37,Kristin Gregory,xjohnson@example.net,New Cherylport,Montana,2024-10-22
38,Charles Gilmore,cameronrobinson@example.net,Oneillland,New Mexico,2024-12-23
39,Teresa Wyatt,croth@example.org,South Dorothy,Maryland,2026-09-04
40,Donna Cummings,kimberlywoods@example.com,West Michaelstad,Missouri,2025-05-24
41,Alicia Cunningham,ambermunoz@example.com,Jerryfurt,Oregon,2025-04-12
42,Amy Hayes,robert33@example.org,Lucerofurt,Nebraska,2025-03-21
43,Erik Cooper,davidhill@example.com,Hendersonberg,Mississippi,2025-01-24
44,Richard Lewis,julierichardson@example.net,South Charles,Hawaii,2025-12-03
45,Dr. Yvonne Williams,krauseshannon@example.com,Rhondaview,Oregon,2025-07-09
46,Amanda Hopkins,vlawson@example.com,Port Mallory,New York,2026-05-22
47,Steven Morrison,pharrell@example.net,Veronicamouth,Tennessee,2024-10-19
48,Daniel Chapman,fcohen@example.com,Johnfort,New York,2025-04-23
49,Luis Larson,tinacastaneda@example.com,New Chad,Kansas,2025-05-17
50,Robert Shaw,veronica39@example.com,New Jacobberg,New Jersey,2024-09-20
51,Laura Allen,josephanderson@example.org,Markburgh,Tennessee,2025-07-18
52,Karen Peterson,sellis@example.net,Lake Sarahside,Alaska,2026-01-02
53,Kristy Thomas,alicialane@example.org,South Carrie,Ohio,2025-09-12
54,Bradley Morris,ganderson@example.net,New Samuel,Alabama,2026-08-07
55,Edward Hicks,kimberlybrown@example.com,Marychester,Iowa,2025-11-02
56,Michael Baldwin,flewis@example.org,East Adrianshire,West Virginia,2026-07-05
57,Steven Bailey,yfranco@example.com,North Steven,Colorado,2025-05-21
58,Joseph Cardenas,qhooper@example.com,Lake Martin,New Hampshire,2026-08-01
59,Joseph Byrd,hudsonjerry@example.org,New Christine,Vermont,2026-07-29
60,Annette Cook,judithfrazier@example.org,Port Meghantown,South Dakota,2026-02-19
61,Anthony Gibson,patricklewis@example.org,Nicholasfort,Wisconsin,2026-05-22
62,Ashley Patterson,luke17@example.net,Rachelburgh,Wyoming,2025-01-17
63,Brian Hodges,tonihughes@example.org,North Leviview,Alabama,2025-07-22
64,Taylor Clark,cjennings@example.net,New Clintontown,Washington,2025-10-28
65,Devon Tran,smithwilliam@example.net,East Heathermouth,Delaware,2026-04-28
66,Nancy Skinner,todd97@example.net,Melissaberg,Wyoming,2024-09-30
67,Bryan Ramirez,stephanieschroeder@example.org,North Elizabeth,Michigan,2026-01-30
68,Michelle Russell,dramsey@example.org,South Josephville,Florida,2025-01-24
69,Alicia Watts,williamsmercedes@example.com,Romeromouth,New Jersey,2025-03-29
70,Alejandra Martinez,mjones@example.net,South Tracy,Colorado,2024-09-16
71,Kelly Hodges,zjones@example.com,Thompsontown,Vermont,2026-01-03
72,David Dixon,donald93@example.org,Nicoleland,Oklahoma,2026-01-30
73,Brandon Davis,elliottjonathan@example.org,West Danielfort,New Hampshire,2026-05-23
74,Cathy Jackson,kellyjackson@example.net,New Christine,Maine,2025-02-06
75,Carrie Santiago,estevens@example.org,Kaufmanmouth,Alabama,2025-02-20
76,Mrs. Tina Lee,blackburnmichael@example.org,Emilyshire,Missouri,2024-10-30
77,Andrea Baker,sflores@example.org,New Lindsay,Louisiana,2026-08-12
78,Charles Rodriguez,sarah83@example.net,Harperstad,Michigan,2026-07-04
79,Heather Walters,tylerespinoza@example.com,Lake Elizabeth,Hawaii,2026-07-27
80,Tyler Young,edwardpadilla@example.org,West Carolfurt,Wyoming,2024-12-16
81,Michael Ramirez,nmahoney@example.com,North Nataliehaven,Pennsylvania,2026-05-31
82,Melissa Jenkins,ericagonzalez@example.org,East Monica,Maryland,2025-02-09
83,Jennifer Sims,whitney34@example.com,Port Billyland,Virginia,2026-09-11
84,Joseph Orr,briannaramirez@example.org,Crystalside,North Carolina,2025-09-10
85,Kim Hoover,christopherjohnson@example.net,Manningstad,Oklahoma,2025-08-18
86,Timothy Rose,adam72@example.org,North Tanner,New Jersey,2025-07-09
87,Curtis Bryant,anna41@example.org,Nelsonview,Wyoming,2026-06-24
88,Monica Bridges,simmonsanthony@example.com,Thompsonmouth,Virginia,2025-06-28
89,Valerie Gross,qgonzalez@example.com,Lake Mary,Texas,2026-07-09
90,Denise Fleming,samantha16@example.net,South Georgeville,Kansas,2025-03-02
91,Joseph Thomas,zoconnell@example.net,Nicolebury,Vermont,2025-01-26
92,Sean Hernandez,elizabethdavis@example.net,Kirbymouth,Hawaii,2024-10-02
93,Nathan Owen,jbeck@example.org,Gonzalezmouth,Connecticut,2026-05-26
94,Kyle Jones,cvazquez@example.net,Lake Danielberg,Kansas,2026-09-11
95,Amber Baker,louis27@example.com,East Michael,Texas,2026-08-21
96,Melissa Rodriguez,lawrencerichard@example.net,Port Jessicamouth,New Mexico,2024-11-22
97,Christopher Deleon,erikberry@example.com,Port Jennifer,Kansas,2026-09-06
98,Linda Henderson,josepowell@example.org,South Daniel,Nebraska,2025-05-17
99,Lisa Maxwell,johnsonjerry@example.com,Tammyshire,Alabama,2025-09-26
100,Erika Clark,vpennington@example.org,Williamshaven,California,2025-01-13
101,Amber Beasley,krose@example.org,Fowlerstad,California,2025-10-17
102,Edward Carlson,ncordova@example.com,Randymouth,Nebraska,2024-11-13
103,Tyler Miranda,welchseth@example.net,East Christina,Montana,2026-01-18
104,Blake Taylor,rmiller@example.net,Latashamouth,Minnesota,2024-10-19
105,Anna Huffman,operez@example.com,Kevinshire,Delaware,2026-09-04
106,Nicholas Baird,ajacobson@example.org,Melissaport,Kentucky,2024-12-12
107,Dale Guzman,kimberlygoodman@example.com,New Daniellemouth,Alabama,2025-03-22
108,Heather Garner,langmary@example.com,Port Jorgeport,Connecticut,2025-09-17
109,Jessica Carroll,wardwilliam@example.net,Port Miguel,Nebraska,2025-10-01
110,Jorge Boyd,hvelez@example.org,North Jonathan,Tennessee,2024-12-11
111,Laura Moore,frankgrace@example.net,New James,California,2025-10-30
112,Michael Harris MD,richard45@example.org,Williamfort,Virginia,2025-10-20
113,Anthony Reeves,kwhitaker@example.com,Harveyshire,Mississippi,2026-05-25
114,Daniel Carter,joel91@example.net,Lake Holly,Alabama,2026-03-13
115,Jonathan Nelson,kimberly24@example.com,New Jessicamouth,New York,2025-04-22
116,Jenny Peck,allenkathy@example.org,Patrickshire,Iowa,2024-09-13
117,Jessica Brown,james32@example.org,Jonesview,New Hampshire,2025-08-07
118,Laura Vargas,davisdean@example.net,Williamsport,Wisconsin,2026-03-03
119,Rachel Johnson,hhale@example.net,New Melanieburgh,Nebraska,2026-03-14
120,Daniel Boyle,cstevenson@example.net,South Maryburgh,Washington,2025-07-04
121,Brandon Ellis,combscatherine@example.net,Emilybury,California,2026-03-19
122,Danielle Goodman,tcook@example.com,Lake Paul,Minnesota,2026-05-03
123,Angela Brown,jenkinsscott@example.com,Vincentshire,Virginia,2026-04-25
124,Mary Phillips,emoore@example.net,Mistychester,Illinois,2026-01-16
125,Billy Mercado,juan70@example.org,New Gloria,Iowa,2024-11-18
126,Jonathan Reed,christopher41@example.org,Garciaburgh,South Dakota,2024-09-15
127,Jeremy Cooper,amanda72@example.com,Michaelview,Illinois,2026-07-16
128,Herbert Turner,zholland@example.net,South Kenneth,Virginia,2025-11-21
129,Daniel Mcintosh,jenniferwiley@example.net,Debratown,New Mexico,2026-07-11
130,Jamie Lopez,johnsonkevin@example.org,East Erin,Massachusetts,2025-07-15
131,James Thompson,mirandawillie@example.com,Davisberg,North Carolina,2026-03-11
132,Nicholas Hernandez,kimberlymitchell@example.org,Hopkinschester,Connecticut,2025-09-24
133,Tara Wells,baustin@example.com,Graystad,Massachusetts,2025-01-05
134,Sandra Thompson,petermartinez@example.com,South Michaelfurt,Alaska,2026-08-05
135,James Green,johnbennett@example.org,Codybury,Indiana,2025-11-14
136,Nicholas Kelly,lindseyamy@example.com,Port Christopherville,Arkansas,2024-11-01
137,Bryan Marshall,meyerrobert@example.com,Port Ronaldbury,New Hampshire,2026-09-02
138,Sue Koch,ssanford@example.com,North Stephanie,Massachusetts,2025-07-20
139,Joseph Mejia,brenda39@example.com,South Andrew,Montana,2025-01-04
140,Alexis Jones,handerson@example.org,Ronaldmouth,North Carolina,2025-08-07
141,Javier Parks,theodore64@example.org,West Rebeccaton,Oklahoma,2025-09-26
142,Timothy Clark,cainjennifer@example.net,Johnsonborough,Wisconsin,2026-08-19
143,Isaac Wilkerson,anna83@example.com,West Andrew,South Dakota,2026-08-18
144,Jamie Hart,toddanderson@example.net,Lake Karen,Tennessee,2025-01-13
145,William Jones,skent@example.com,Daniellefurt,Arizona,2025-11-19
146,Angela Bowen,angelamyers@example.org,New Sara,Georgia,2025-10-09
147,Johnny Vaughn,brodriguez@example.net,Serranoside,California,2025-03-12
148,Natasha Pena,bdickerson@example.net,Annmouth,Maine,2024-10-27
149,Martin Jordan,valerie55@example.org,Port Dillon,Utah,2026-02-19
150,Kathy Owen,angela41@example.net,Dennisview,Wisconsin,2025-04-18
151,Kim Coleman,desireenovak@example.net,Williamshire,Vermont,2026-07-02
152,James Bruce,donaldknight@example.net,Port Cassandra,Idaho,2024-09-11
153,Erika Floyd,iholt@example.com,East Malikhaven,New Jersey,2026-05-05
154,Timothy Wolf,pachecokaren@example.com,Jaclynfurt,New Hampshire,2026-04-22
155,Beverly Miller,justin42@example.com,Karenmouth,Ohio,2026-05-14
156,Kendra Fry,juliestrickland@example.com,South Leslie,Oklahoma,2026-03-27
157,Peter Evans,melissa31@example.net,Gutierreztown,Missouri,2025-07-22
158,Richard Tucker,lopezjeremy@example.com,Ortegaberg,Maryland,2025-09-23
159,Maria Nguyen,vazqueztony@example.org,Calhounstad,Kansas,2025-01-24
160,Megan Wilson,qhunt@example.org,Kellyhaven,Texas,2025-08-12
161,Tiffany Rodriguez,taylorjerome@example.org,Harrisonstad,South Carolina,2025-03-27
162,Brenda Howell,debrawilliams@example.com,New Jorge,South Carolina,2026-07-03
163,Melissa Jones,randymitchell@example.net,East Daniel,Alabama,2025-07-07
164,Michael Garner,paul27@example.net,Port Lisaburgh,Rhode Island,2026-08-08
165,Jonathan Young,marybailey@example.org,Brewermouth,Maine,2025-04-22
166,Taylor Wallace,ycruz@example.org,East Robertside,Arkansas,2026-06-26
167,Bruce Hale,flynnbailey@example.net,Port Chloeton,Louisiana,2025-05-25
168,Linda Wilson,smithmichael@example.org,Cathyhaven,Iowa,2025-01-21
169,Ryan Walters,mark58@example.com,Madisonfort,Ohio,2025-03-22
170,Jennifer Tran,bushkatrina@example.org,Port Laurenside,Rhode Island,2026-04-17
171,Matthew Lamb,ydavis@example.com,Andersonshire,North Carolina,2025-11-08
172,Angela Simmons,scottandrea@example.net,Cooperburgh,Montana,2025-08-19
173,Joseph Robinson,kurtbell@example.net,Pattersonfurt,North Carolina,2025-04-20
174,Jo Meyers,kgarza@example.org,Lake Dorothystad,Texas,2025-02-16
175,Daniel Ford,jamesgregory@example.org,East Kimberly,Wisconsin,2025-05-30
176,Laura Anderson,lawsonjennifer@example.org,Bentonberg,Virginia,2026-05-18
177,Ronald Johnson,pgarcia@example.org,East Brenda,South Carolina,2024-11-15
178,Jonathan Hall,millerbobby@example.com,Lake Amy,Maryland,2025-04-02
179,Russell Beard,henryjason@example.net,Kimberlymouth,Utah,2026-04-04
180,Wayne Kelley,qhorton@example.net,West Angela,New Hampshire,2025-03-11
181,Susan Bryant,nelsonstephanie@example.org,North Lisaland,Idaho,2026-03-05
182,Angela Jackson,alexander85@example.net,East Nicole,South Dakota,2024-10-31
183,Sheila Rich,iholmes@example.org,Turnerchester,Arkansas,2025-07-04
184,Karen Tran,alicia74@example.com,Colemanberg,North Dakota,2024-11-25
185,William Stanley,edwardjensen@example.com,Clarkborough,Nevada,2025-07-23
186,Leah Blair,amanda15@example.org,North Stacy,Pennsylvania,2026-07-04
187,Carmen Ford,clarkbruce@example.org,New Nathaniel,Alaska,2026-02-07
188,Mrs. April Manning MD,samantha30@example.org,West Gregory,Idaho,2025-05-23
189,Roy Matthews,kevin82@example.org,Stevenhaven,Georgia,2025-08-23
190,Dillon Payne,zpineda@example.net,Tammyfurt,Idaho,2026-01-13
191,Kevin King,csimpson@example.net,New Trevorfort,Virginia,2025-02-14
192,Francisco Sullivan,johnbaker@example.net,Kennethview,Texas,2026-09-05
193,Mr. James Flores Jr.,kylepeterson@example.org,Mcgrathchester,Wyoming,2026-08-12
194,Jason Jacobson,duncanzoe@example.org,Brownport,Wisconsin,2025-10-08
195,Adam Guzman,barbara12@example.net,New Ryan,Ohio,2024-12-18
196,Willie Obrien,mmiller@example.net,Raymondbury,New Hampshire,2025-10-21
197,Leroy Shaffer,xhughes@example.com,Ramosmouth,Maine,2026-04-02
198,Joe Thompson,owilliams@example.com,Jonesshire,California,2025-01-18
199,Rebecca Adkins,whiteheadsamantha@example.com,Jensenmouth,New Hampshire,2025-11-09
200,Jeremiah Anderson,jameshart@example.org,Hernandezshire,Nevada,2025-02-19
201,Clifford Donaldson,asims@example.net,Andersontown,Iowa,2026-08-05
202,Diane Taylor,lauraerickson@example.org,Lake Randy,North Carolina,2026-05-06
203,Mr. Anthony Myers,xneal@example.net,East Brandy,Oregon,2025-04-10
204,Ryan Holland,johnsonkevin@example.net,Woodardmouth,Virginia,2025-01-26
205,Brian Webster,ayersamanda@example.org,New Hollyburgh,Illinois,2025-01-07
206,Robert Waters,mckeechristine@example.org,Port Deborah,Hawaii,2026-08-04
207,Katie Snyder,fosterpamela@example.org,East Kimshire,Oklahoma,2025-12-14
208,Michael Clark,robertscott@example.com,West Katherineberg,Maryland,2025-12-08
209,Matthew Russo,ahill@example.com,Lake Dawnmouth,North Carolina,2026-08-23
210,Denise Mccarthy,smithjohn@example.net,Lopezside,Pennsylvania,2026-01-30
211,Steven Campos,howardmcbride@example.net,West Duane,Utah,2025-08-06
212,Anthony Lawson,christybaker@example.net,North Johnside,Wisconsin,2025-07-12
213,Amber Ford MD,victoria24@example.com,Walkerstad,Wisconsin,2025-10-15
214,Laurie Ibarra,middletondiana@example.org,North Amyside,Michigan,2025-07-13
215,Wendy Costa,vbishop@example.org,Donnaburgh,Utah,2025-04-04
216,Olivia Robbins,javiercantu@example.org,Garnerberg,Alaska,2026-09-03
217,Heidi Munoz,phillipsstacy@example.com,West Kimborough,Illinois,2024-09-23
218,Robin Brown,douglas16@example.org,New Bonnie,Oklahoma,2026-03-03
219,Rachel Armstrong,lindseymiller@example.com,East Johnfort,Louisiana,2026-08-27
220,Angela Martin,mcdonaldtimothy@example.com,Marthamouth,Texas,2025-05-17
221,Jennifer Brown,sylvia09@example.net,New Kimberlyborough,Tennessee,2026-09-10
222,Brenda Hall,wilsonsarah@example.net,New Tiffanymouth,Missouri,2025-02-15
223,Jessica Evans,tamara34@example.org,New Michelle,Georgia,2025-06-07
224,Ashley Bryant,daviddavidson@example.net,Charlesberg,New Hampshire,2025-07-15
225,Jessica Martin,susan29@example.org,Mitchellport,Pennsylvania,2026-04-05
226,Juan Calderon,novakkari@example.net,Jamesmouth,Iowa,2025-12-24
227,Scott Santiago,rojasdebra@example.net,West Joseph,Wisconsin,2026-04-01
228,Mike Webb,mclaughlintracy@example.net,Gilmoreberg,Idaho,2025-03-30
229,Lisa Carroll,brooke87@example.com,Stewartmouth,Oklahoma,2025-05-15
230,Christina Gordon,james08@example.net,Brownfort,Oklahoma,2026-02-27
231,Kathryn Johnson,wpena@example.org,Kevinborough,Indiana,2025-05-15
232,Mrs. Kimberly Gill DVM,steven06@example.com,Port Ashleyville,New York,2024-10-18
233,Willie Benitez,michelle28@example.net,Dianastad,North Dakota,2025-03-16
234,Marie Phillips,crawfordkimberly@example.org,Richardmouth,Nebraska,2024-10-28
235,Allison May,dheath@example.org,Rogersberg,Indiana,2026-03-25
236,Katie Juarez,harrisrobert@example.org,New Donnaburgh,Florida,2026-02-13
237,Tyler Love,montoyajesus@example.org,Brianside,Indiana,2026-08-30
238,Rachel Thompson,jduncan@example.net,West Lori,Alabama,2024-12-30
239,Chad Cain,zwilson@example.org,Martinezchester,Arkansas,2025-09-02
240,Morgan Campbell,johndurham@example.com,Mitchellshire,West Virginia,2026-03-06
241,Ronald Mitchell,chapmandavid@example.net,New Andrea,Nebraska,2026-01-21
242,Heather Williams,jclayton@example.com,East Theodore,North Carolina,2025-12-09
243,Claudia Cruz,andersonbrenda@example.org,Rachelchester,Wisconsin,2024-09-26
244,Mary Anthony,perryjulie@example.org,North Johnathan,Connecticut,2025-01-24
245,Hannah Owen,vcontreras@example.com,Sharonburgh,Louisiana,2026-03-03
246,Ryan Gilmore,mejiadustin@example.org,Gonzalesfort,Rhode Island,2026-08-10
247,John Avery,cmorse@example.org,New Erin,North Carolina,2025-06-09
248,Ebony Romero,goldenjustin@example.net,West Evelynville,Pennsylvania,2025-10-15
249,Melanie Lopez,heatherluna@example.org,New Hectorhaven,Indiana,2026-09-05
250,Edwin Lewis,lisacampbell@example.org,North Ian,Florida,2026-01-14
251,Rodney Johnson,burnetttiffany@example.org,Reeseville,Mississippi,2026-08-14
252,Richard Crane,sjones@example.com,Lake Megan,Illinois,2025-07-17
253,Kyle Woods,dvaughn@example.com,Noahstad,Mississippi,2026-04-27
254,Craig Williams,maciasjeremy@example.com,Jacquelineborough,Ohio,2025-08-01
255,Jerry Alvarado,brittanygibson@example.net,South Eric,Florida,2026-03-30
256,Elizabeth Dixon,nelsonmary@example.com,West Benjamin,Wisconsin,2026-04-09
257,Wendy Collins,martin67@example.com,North Kathrynton,Michigan,2025-01-13
258,Steven Munoz,christopherthomas@example.net,Obrienberg,Alabama,2024-09-28
259,Natalie Evans,gateschristopher@example.org,Leachtown,New Mexico,2026-08-24
260,Aaron Davis,nschmidt@example.org,Lake Kevinside,South Dakota,2026-01-03
261,Shawn Fernandez,tammydelgado@example.net,Kaylaview,Oklahoma,2026-08-02
262,Elizabeth Davis,washingtonashley@example.org,Donaldtown,North Dakota,2026-07-16
263,Christopher Ray,clarkelizabeth@example.com,Monicaville,Oregon,2024-10-29
264,Amy Powers,thomastiffany@example.org,Sparkston,Washington,2026-08-23
265,Kelly Elliott,christensenjason@example.net,Daniellehaven,Washington,2025-02-20
266,Anthony Landry,dianawilson@example.com,New Amandaberg,Arkansas,2025-04-25
267,Robert Santiago,qjackson@example.org,South Edwin,Louisiana,2025-08-01
268,Carl Roman,joanreed@example.com,Lake Sarah,Massachusetts,2025-05-22
269,James Hess,daviddaniels@example.net,Changville,North Dakota,2025-01-19
270,Matthew Gonzalez,perrytimothy@example.org,Rhondashire,Nevada,2024-10-16
271,Nicholas Hernandez,smithholly@example.com,Amandaville,Idaho,2025-12-26
272,Steven Davis,jacqueline36@example.org,South Jason,South Carolina,2026-03-14
273,Raymond Park,ballarddavid@example.net,Michellebury,Utah,2025-06-01
274,Gail West,williamgarcia@example.com,Ryantown,Arkansas,2026-08-13
275,Eric Esparza,pmiller@example.org,New Kathrynmouth,West Virginia,2025-11-22
276,Luis Ramirez,mary53@example.com,Rangelstad,Alabama,2026-01-27
277,Toni Bailey,hawkinswilliam@example.org,Jasminmouth,Oklahoma,2025-11-21
278,Jennifer Baker,whiteleon@example.com,Guerreroland,Iowa,2026-07-15
279,Joseph Griffith,kcollins@example.net,Munozbury,Iowa,2025-11-26
280,Cody Morgan,terrence76@example.org,Lake Ryan,Arizona,2025-01-31
281,Timothy Watson,irussell@example.net,Jeffreyborough,Kentucky,2024-11-24
282,Randy Wright,cmorales@example.org,Davidland,Indiana,2025-01-02
283,Natalie Harmon,omclean@example.org,Brooksshire,Oklahoma,2025-12-21
284,Daniel Hernandez,vwilliams@example.org,Williebury,Wisconsin,2025-06-11
285,Jordan Fowler,cookdebra@example.net,Loganburgh,Maine,2026-04-19
286,Adrian Mercer,ephelps@example.net,Cooktown,Vermont,2026-05-25
287,Brittany Lawrence,oscar36@example.com,Lake Melvin,Maine,2025-08-24
288,Douglas Davis,xmerritt@example.com,South Eric,Kansas,2026-01-23
289,Connie Garcia,george52@example.org,Gibsonstad,Arkansas,2026-05-19
290,Stephanie Schneider,fwhite@example.org,Port Allen,New Mexico,2026-03-21
291,Sabrina Riley,tiffany26@example.org,West Sarahland,Virginia,2025-04-14
292,Linda Adams,smithalexandra@example.org,South Joseph,Missouri,2025-03-24
293,William Jones,villakathleen@example.com,Port Reginaldside,Arkansas,2025-02-19
294,Donna Brown,david91@example.com,Santosshire,Connecticut,2026-06-29
295,Daniel Pruitt,amanda46@example.org,Williamston,New York,2026-06-21
296,Elizabeth Tucker,christinawalker@example.com,East James,South Dakota,2025-03-28
297,Ralph Evans,mmcpherson@example.com,Port Austinbury,Hawaii,2026-08-04
298,Henry Rios,chelseahuffman@example.com,New Alexmouth,Montana,2024-10-30
299,Alexander Myers,felliott@example.org,West Robin,New Jersey,2025-03-10
300,Mark Macias,scottjennifer@example.org,Kellystad,Mississippi,2026-04-18
301,Ruth Richardson,adam27@example.org,Lake Robert,Oregon,2024-11-20
302,Erika Mueller,qflowers@example.org,North Hollymouth,North Dakota,2026-06-30
303,Susan Aguilar,singhjanice@example.org,Lake Paulborough,Nevada,2025-10-16
304,Jeffery James,kimberlybrock@example.org,North Jason,Oregon,2025-03-26
305,Julie Carpenter,heathjulie@example.net,Richardsonland,Ohio,2025-11-20
306,Adam Chandler,patrick49@example.net,Port Sean,Kansas,2026-04-14
307,Lisa Wells,marytaylor@example.net,South Jamesport,California,2025-04-18
308,Mary Mills,emanning@example.org,Lake Richard,Ohio,2025-06-28
309,Andrew Yates,terricobb@example.net,North Kayla,California,2024-10-12
310,Ronald Hernandez,abolton@example.net,Jacobtown,Vermont,2026-01-20
311,Zachary Brown,helliott@example.net,Port Samuelburgh,New Mexico,2026-03-23
312,John Thomas,silvamichael@example.org,Hammondshire,Nebraska,2025-05-29
313,Douglas Miller,phillipsdanielle@example.net,New Willieport,Rhode Island,2026-07-27
314,Allison Mitchell,corey04@example.org,Patriciaview,New York,2025-01-23
315,John Hayden,nixonrichard@example.org,Mullenshire,Tennessee,2025-03-05
316,Melissa Simmons,brenda47@example.org,Trevinoburgh,Nebraska,2026-04-21
317,Matthew Lopez,danielle00@example.net,Robbinschester,Iowa,2025-11-17
318,Sandra Hayes,erica09@example.org,North Meagantown,South Carolina,2025-03-15
319,Sharon Austin,brandi38@example.com,Port Courtney,Nebraska,2025-08-15
320,Aaron Dodson,millerkevin@example.com,Portermouth,Arkansas,2026-09-02
321,Alexis Peterson,sandragonzalez@example.com,Tylerport,Rhode Island,2024-11-10
322,Jonathan Wolf,alejandra71@example.com,South Allison,Illinois,2024-10-12
323,Madison Gordon,patricia69@example.net,East Jonathan,Washington,2025-03-27
324,Dawn Webster,paul31@example.com,Stevenchester,Colorado,2024-11-18
325,Alexandra Wilson,joseph17@example.org,Zamoraland,South Dakota,2026-05-29
326,Alicia James,jacksonbrandi@example.com,New Joshuaside,South Dakota,2025-02-02
327,Lee Calderon,morrisonolivia@example.net,Adamsbury,Alabama,2026-08-21
328,Emily Pena,richardsonmegan@example.org,West Thomaston,Missouri,2024-10-03
329,Terry Garrett,whitejacob@example.org,Walkerton,Arkansas,2024-12-12
330,Sarah Wells,mkennedy@example.net,East Aaron,Rhode Island,2026-09-03
331,Sherri Kidd,dwilson@example.net,Davidton,Mississippi,2024-12-29
332,Sheri Johnson,lindseyshane@example.com,West Kimfurt,Alaska,2026-02-01
333,James Noble,esmith@example.org,Sanchezville,Kentucky,2025-12-05
334,Alexandra Wilson,daniel35@example.org,Lake Kimberlyville,Alabama,2025-09-29
335,Colleen Guzman,ochoastacey@example.net,East Elizabeth,Hawaii,2025-01-30
336,Sean Mills,annette62@example.com,North Wanda,Oregon,2025-10-15
337,Bob Douglas,qsmith@example.com,Raychester,California,2026-03-22
338,Ashley Franco,zmontgomery@example.com,Wongside,Louisiana,2025-12-04
339,Tara Nichols,fieldsjohn@example.com,East Austin,Washington,2024-11-26
340,Kaitlyn Edwards,frank31@example.org,Knightside,Vermont,2026-07-18
341,April Alexander,lchaney@example.net,Ashleybury,Indiana,2024-10-05
342,Jessica Anderson,vford@example.org,New Christianburgh,Maine,2025-10-05
343,Joseph Brown,lopezamy@example.com,Lyonsmouth,Mississippi,2025-07-14
344,Tony West,tpowell@example.com,Michaelfurt,Texas,2026-02-28
345,Lacey Mccoy,jasmine07@example.net,West Melissa,Florida,2026-05-13
346,Phillip Howard,jared79@example.com,New Grant,Maine,2026-05-07
347,William Ellison,danielle54@example.org,Douglasmouth,New Mexico,2025-02-19
348,Barbara Tanner,yjennings@example.com,Martinburgh,Kansas,2024-11-27
349,Sarah Butler,eruiz@example.org,Porterborough,Idaho,2025-07-24
350,Mary Stewart,corybaxter@example.net,South Sherylland,Oklahoma,2024-09-22
351,John Hays,lopezjohnathan@example.org,Sydneyfurt,Nebraska,2025-04-09
352,Victoria Hall,isutton@example.org,Ryanborough,Oregon,2025-11-22
353,Joseph Bowman,joseph88@example.org,Lake Roberthaven,Alaska,2025-04-04
354,Vincent Nelson,nicolas86@example.net,Jessicamouth,Washington,2025-01-21
355,Michael Miller,john30@example.net,North Jason,Rhode Island,2024-10-01
356,Raymond Nguyen,jacobwang@example.net,New Anna,Texas,2026-04-25
357,Jamie Ross,wspence@example.com,West Mike,Idaho,2025-07-24
358,Jeffrey Fischer,sandersryan@example.net,West Wesleybury,Connecticut,2025-03-24
359,Melinda Stephenson,mckeetracy@example.net,Carolfort,Arkansas,2024-11-19
360,Taylor Farmer,jesse28@example.org,Annechester,Iowa,2024-10-09
361,Angel Benitez,robertwilson@example.net,Lake Emilyfort,Alaska,2025-02-11
362,Cody Chapman,keithtucker@example.org,Port Michelle,Mississippi,2024-09-15
363,James Ramsey,mark58@example.net,Stanleychester,Pennsylvania,2025-12-10
364,Felicia Long,alexisbowman@example.com,Timothyberg,North Carolina,2024-11-10
365,Laura Flores,maryrussell@example.net,Howellview,Virginia,2024-11-14
366,Jose Horton,westdavid@example.org,Angelabury,Wisconsin,2025-05-25
367,David Lawson,rpierce@example.com,South Lisamouth,Nevada,2026-05-03
368,Rhonda Rivera,tiffanythompson@example.com,Lake Sarahport,Missouri,2025-04-19
369,Robert Wagner,mark22@example.com,Woodsburgh,Ohio,2025-06-22
370,Angela Rodriguez,davidjohnson@example.com,Angelabury,Louisiana,2024-10-14
371,Gabrielle Pierce,christopher51@example.org,New Breanna,Washington,2025-02-11
372,Beth Garcia,erinrodriguez@example.net,Port Clinton,New Mexico,2025-06-20
373,Alexander Gilmore,riverabrenda@example.net,Port Laurenside,New Jersey,2026-05-20
374,Daisy Morris,victoriataylor@example.com,Josephfort,Idaho,2026-02-25
375,Bryan Bennett,ritavaughn@example.org,Johnmouth,Louisiana,2026-03-09
376,Juan Hoffman,gsilva@example.com,Lake Stephen,Louisiana,2026-08-28
377,Jennifer Washington,zhart@example.net,Wiseberg,Michigan,2025-05-19
378,Victoria Bird,virginia90@example.net,Morganland,Michigan,2025-05-29
379,Maria Butler,tyler23@example.org,West Marie,Indiana,2025-05-19
380,Ana Scott,alexanderreyes@example.net,North Brandiburgh,Wyoming,2026-05-04
381,Kimberly Burnett,michaeljohnson@example.net,Brucefurt,Arizona,2026-02-19
382,Kristin Newman,mgilmore@example.com,Lawsonview,Montana,2026-01-07
383,Ivan Miller,stephen14@example.org,North Thomaschester,South Carolina,2025-02-18
384,Tammy Taylor,sheltonsteven@example.com,North Michaelchester,Arizona,2025-01-22
385,Gary Reyes,nward@example.com,Lake Michelleborough,Missouri,2024-09-27
386,Monica Singh,batescharles@example.com,North Kristina,Wisconsin,2026-04-08
387,Robert Duncan,pjohnson@example.org,West Todd,Colorado,2026-09-11
388,Christina Smith,rangelaudrey@example.org,Benjaminhaven,Rhode Island,2025-06-21
389,Courtney Robles,sherry26@example.org,West Morganton,West Virginia,2025-03-14
390,Steven Pena,nicoletaylor@example.com,North Daniel,North Dakota,2025-09-17
391,Brianna Johnson MD,munozisabella@example.org,Port Patricia,Pennsylvania,2024-10-05
392,Paul Gutierrez,matthew15@example.org,Parrishbury,Oklahoma,2026-07-16
393,Emily Woodard,grantkeith@example.com,Lake Craig,Vermont,2025-09-28
394,Matthew Jones,tharrison@example.com,Reedborough,Nevada,2026-03-22
395,Joshua Douglas,qmahoney@example.com,Campbellborough,Maryland,2025-04-22
396,Michael Hernandez,isabella07@example.com,Flowersville,Ohio,2024-10-28
397,Jennifer Pennington,austinfuentes@example.net,East Anthonyfort,Nebraska,2025-02-20
398,Penny Duke,lunagarrett@example.com,North Stephanie,Virginia,2026-04-05
399,Sierra Craig,stephaniebush@example.com,Wilsonberg,Nebraska,2026-02-11
400,Shelly Santana,rollinsryan@example.net,West Nancy,Alaska,2025-12-06
401,Caitlin Higgins,josepatton@example.org,Lake Williamfort,Utah,2026-07-04
402,Jeffrey Freeman,shawn50@example.com,East Eric,Kentucky,2025-07-18
403,Michele Faulkner,carolyn96@example.net,Lake Nicoleborough,Alabama,2026-02-07
404,Randy Gaines,andrew27@example.net,Ericview,Louisiana,2026-02-08
405,Gina Larson,jasonrobinson@example.net,East Ethanview,Wyoming,2025-03-20
406,Ricardo Santiago,lparker@example.org,South Troy,Arizona,2025-04-04
407,Patricia Brown,austinjohnson@example.com,West Kristin,Oregon,2026-06-25
408,Danny Bell,ramirezcynthia@example.com,Josephburgh,New Jersey,2025-09-09
409,Eric Barker,jeromerussell@example.net,Rojasshire,Michigan,2026-03-19
410,Mitchell Mann,rallen@example.org,Littlemouth,Connecticut,2025-11-09
411,Logan Hicks PhD,isheppard@example.net,Howellborough,Rhode Island,2025-05-08
412,Patricia Carpenter,millerchristopher@example.net,Christensenside,Alabama,2024-10-25
413,Jacob Thomas,jenniferwest@example.com,Lake Jeremystad,New Mexico,2026-02-14
414,Timothy Richardson,kaylascott@example.net,Jamesfurt,Maryland,2026-08-17
415,Rodney Sherman,broberts@example.org,Parkerberg,Texas,2024-09-27
416,Yvette Humphrey,richardsoneric@example.org,Rogerfort,Montana,2024-11-10
417,Karen Li,goliver@example.org,East Jasonshire,Arizona,2026-02-03
418,Mrs. Shelly Hall DVM,danielbrewer@example.net,North Nicolefurt,Iowa,2026-01-27
419,Harold Gilmore,jsharp@example.com,East Grantmouth,Vermont,2026-05-21
420,Adam Dillon,ryan51@example.com,Hillbury,Tennessee,2025-09-01
421,Brittany Calhoun,murphyrobert@example.com,Port Sara,Idaho,2026-07-04
422,Dr. Mary Davidson,dunnlori@example.com,Gonzalezchester,Tennessee,2026-08-13
423,Kelly Murphy,nicholasscott@example.com,Port Jerryport,Louisiana,2025-06-03
424,James Jackson MD,dylandavis@example.org,West Michael,Montana,2024-12-03
425,Philip Rivera,rebeccahuffman@example.net,West Tabitha,Virginia,2025-06-06
426,Alex Salas,katherinejohnson@example.org,Kimberlyburgh,Idaho,2025-09-01
427,Jeremy Moran,hmoore@example.org,Port Donnafurt,Arkansas,2024-10-31
428,Deborah Patton,christopher58@example.org,East Steven,Nevada,2025-09-28
429,Andrea Daniel,mary84@example.com,Leebury,Virginia,2026-04-01
430,Mitchell Turner,tracihamilton@example.net,Port Eric,Kansas,2025-10-24
431,Heather Russell,smithlawrence@example.net,Lake Annshire,Montana,2026-07-30
432,Susan Thomas,monicabuchanan@example.org,New Joshuamouth,Alaska,2024-10-18
433,Cynthia Johnson,nancyibarra@example.net,Lake Dillonview,Missouri,2025-05-27
434,Janice Chambers,jgregory@example.com,West Tamara,Delaware,2025-01-28
435,Monica Murphy,jessica69@example.org,Port Nicholasstad,New Hampshire,2024-09-16
436,Ashley Morris,tbrown@example.org,Hendrixville,Idaho,2024-10-16
437,Kimberly Rose,josephmendoza@example.net,North Mark,West Virginia,2025-03-05
438,Dennis Santana,loconnor@example.com,Taylortown,Indiana,2026-03-05
439,Dillon Villarreal,leereed@example.org,Port Danielleburgh,Montana,2025-02-26
440,Laura Brewer,nancyhenry@example.net,New Jeremyton,Wisconsin,2024-11-27
441,Thomas Roberts PhD,martin15@example.net,Curtisstad,Hawaii,2024-11-04
442,Trevor Baird,jacquelineparker@example.net,East Mary,Iowa,2026-08-31
443,Allison Carroll,nicole56@example.org,Craigstad,Delaware,2025-06-20
444,Andrea White,franklinemily@example.net,Kristinport,Illinois,2025-09-20
445,Kelly Atkinson,umedina@example.org,Lake Carla,Ohio,2026-01-27
446,Walter Martinez,wwright@example.org,Port Connortown,Ohio,2025-05-01
447,Victoria Chan,wilsonjo@example.com,Brownville,Missouri,2025-08-17
448,Mary Parks,colin17@example.net,New Petermouth,Delaware,2024-10-10
449,Karen Hodge,mmurray@example.org,Kellyberg,Massachusetts,2026-04-29
450,James Jennings,katherine94@example.org,South Daniel,West Virginia,2026-07-20
451,Kenneth Mcmillan,kellyfletcher@example.com,North Rebecca,Missouri,2026-02-15
452,Mariah Mack,todd66@example.org,Gregoryland,Georgia,2024-12-16
453,Anthony Hernandez,cmccall@example.com,East Roymouth,Oklahoma,2025-05-23
454,Rachel Mccarthy,ndoyle@example.net,East Charleschester,Missouri,2024-09-15
455,David Smith,melindaduran@example.org,East Joshua,Illinois,2026-05-29
456,Elizabeth Harris,shaynes@example.com,Lake Brandontown,Wisconsin,2025-02-04
457,Robert Ross,scottbrown@example.net,Marcusville,Indiana,2024-09-28
458,Gerald Willis,sbrown@example.net,Davidmouth,Arkansas,2026-01-05
459,Vickie Wolf,paulmichael@example.org,South Rebecca,Arizona,2026-02-17
460,Amber Wright,jeffreypatterson@example.net,Marymouth,Nebraska,2026-01-26
461,Alexa Hickman,gallagherdavid@example.net,Wilsonstad,Nevada,2026-08-10
462,Mark Allen,spencerjoshua@example.org,Joseborough,Illinois,2025-07-13
463,Rachel Allen,clarkrobert@example.org,South Sara,Colorado,2025-06-06
464,Diana Evans,emily76@example.com,West Kimton,Hawaii,2026-03-17
465,David Morrow,rsmith@example.org,Rossville,Virginia,2025-12-24
466,Kelly Davis,amontes@example.com,Port George,Arkansas,2024-11-18
467,Linda Henry,gordonwilliam@example.org,East Bryan,Iowa,2024-11-26
468,Craig Randall,bjones@example.org,Autumnbury,Nebraska,2025-11-30
469,Richard Rodriguez,morrisbrittany@example.com,East Mark,Missouri,2025-04-28
470,Gregg Bell,jesussanders@example.com,South Karenfurt,West Virginia,2025-07-24
471,Phillip Perkins,annafisher@example.net,Grahambury,Nevada,2026-03-28
472,Lori Collins,dixonjeremy@example.net,Port Anthony,Missouri,2026-09-01
473,Christopher Malone,sawyerwilliam@example.com,North Anthony,Connecticut,2026-05-27
474,Aaron Reed,melissa68@example.com,Lake Lori,Virginia,2025-12-08
475,David Ortiz,daniel94@example.net,East Nicholashaven,Pennsylvania,2025-04-27
476,Mark Perez,susan27@example.org,South Ashley,Texas,2025-01-11
477,Denise Mclaughlin,marshalljeremy@example.com,Lisachester,Utah,2025-09-20
478,Sara Morris,brandon67@example.com,Stantonberg,Texas,2026-02-17
479,Joseph Flores,alexiswilliams@example.org,Port Grantbury,New York,2024-12-27
480,Linda Estrada,richardsondiana@example.net,South Jeffreyport,Arkansas,2025-12-28
481,Alicia Donovan,buchananaaron@example.com,East Jenniferville,Minnesota,2025-06-27
482,Brooke Watkins,theresa86@example.net,Woodshaven,Tennessee,2026-05-15
483,Brandon Davis,ryanbennett@example.net,Braunhaven,Georgia,2025-10-18
484,Yolanda Collins,evelynmiller@example.com,Cruztown,New Hampshire,2025-02-19
485,David Washington,michelehall@example.com,East Adamhaven,Rhode Island,2026-07-30
486,Samantha Bryan,tina26@example.com,Lake William,Minnesota,2025-12-12
487,Tina Patel,ihancock@example.org,Lake Carly,Oregon,2026-06-24
488,Zachary Hall,jasmine65@example.net,South Jackiebury,Wyoming,2025-10-22
489,Daniel Wade,wbradley@example.com,North Walter,Connecticut,2024-10-26
490,Jessica Lopez,krystal62@example.net,Hickmanstad,Georgia,2026-05-25
491,Nathan Rivera MD,lauren02@example.org,West Tammyton,Virginia,2025-06-17
492,Scott Willis,gibbssuzanne@example.com,West Margaretstad,Hawaii,2025-04-19
493,Stephanie Hunter,ywright@example.net,Sharonton,Utah,2026-02-09
494,Jennifer Fuller,samantha19@example.org,Jamesshire,Mississippi,2026-08-06
495,Jacob Jordan,lindsaywashington@example.org,Masonberg,Missouri,2025-05-12
496,Alex Dunn,denise76@example.com,North Paulashire,Connecticut,2026-05-14
497,David Marshall,dennis96@example.com,Kristaburgh,Oklahoma,2026-06-17
498,Sara Bean,jimenezkimberly@example.net,Port Michael,Iowa,2025-11-05
499,Kevin Shields,maureenanderson@example.net,Madelinestad,Ohio,2025-01-26
500,Anthony Crane,kelly17@example.com,Moraside,Oregon,2025-08-18
501,Tamara Lewis,edward36@example.org,Tanyafurt,Alaska,2025-02-22
502,Julie Johnson,navarromelissa@example.net,Lake Annemouth,North Carolina,2026-04-22
503,Daniel Martin,vargassusan@example.com,Pierceland,Kansas,2025-12-24
504,Shannon Velasquez,banksronald@example.com,East Dawn,Pennsylvania,2024-12-04
505,Amy Bush,rebeccamartin@example.org,Jamesmouth,South Carolina,2025-04-16
506,Tina Marquez,johnreynolds@example.org,Riveramouth,Utah,2024-10-25
507,Anthony Willis,nancy93@example.org,Colemanshire,Michigan,2024-09-26
508,Michael Kane,lharris@example.com,Lake Ricardo,Colorado,2026-08-08
509,Travis Dickerson,danielwilliams@example.net,Jackchester,Georgia,2026-04-26
510,Tracy Walsh,theresalewis@example.com,Rebeccachester,Indiana,2025-11-06
511,Luke Chang,fergusonjacob@example.org,Rodriguezville,Mississippi,2026-08-28
512,Sharon Strong,uroman@example.net,South Erika,Oregon,2025-08-30
513,Mrs. Tracy Lawson MD,donnaruiz@example.org,South Toddshire,Oklahoma,2025-03-21
514,Lisa Bauer,kjones@example.com,Port Melindaburgh,West Virginia,2026-01-13
515,Rebecca Thompson,marygreer@example.org,North Kevin,Indiana,2024-09-18
516,Karen Alexander,angelawolfe@example.com,North Joseph,Mississippi,2026-01-26
517,Dawn Hayes,erivas@example.net,Esparzamouth,Maryland,2025-07-23
518,Laura Willis,sabrina63@example.org,Hunterville,Maryland,2026-07-12
519,Katie Alexander,ylarson@example.com,Lake Aprilmouth,Idaho,2026-08-15
520,Karen Harris,balexander@example.org,Donaldhaven,Wisconsin,2026-08-05
521,Brandi Taylor,nford@example.com,Port Jessicachester,Illinois,2026-05-18
522,Carolyn Parker,saunderstina@example.org,East Sabrinahaven,Georgia,2024-10-05
523,Susan Williams,vmorales@example.org,Lisastad,Wisconsin,2026-05-04
524,Norma Cooley,joneskimberly@example.net,Lambville,Colorado,2025-05-05
525,Mario Boyd,bwest@example.net,South Nicholaschester,Nebraska,2024-10-23
526,Amber Rivera,lwalters@example.com,Seanshire,California,2026-06-30
527,Kristina Baldwin,gutierrezashley@example.com,New Feliciaside,Indiana,2024-12-01
528,Nathan Morrow,lorijohnson@example.net,Sheliaside,New Jersey,2026-04-15
529,Debra Escobar,whitevincent@example.org,West Jenniferhaven,New Mexico,2025-03-24
530,Mark Brown,xhenderson@example.net,Brendaborough,South Dakota,2024-09-26
531,Melissa Blair,meredith48@example.org,Santiagochester,Colorado,2025-07-10
532,Elijah Fisher,kyle23@example.com,South Kaitlynmouth,Vermont,2025-11-12
533,Jennifer Harris,carsonmatthew@example.com,Lake Erikside,Washington,2024-10-29
534,Morgan Fitzgerald,igriffin@example.org,Boyerport,Oregon,2025-04-14
535,Thomas Simpson,benjaminwaller@example.org,Juliaburgh,New York,2026-07-30
536,Dr. Jamie Summers DVM,ccoleman@example.net,Edwardfort,Nevada,2025-12-05
537,Brenda Noble,hannah68@example.com,Gardnerburgh,California,2024-12-18
538,Lauren Young,christina57@example.net,Robertland,Mississippi,2024-12-06
539,Tony Ross,pattersonanna@example.org,Lake Marilyn,Rhode Island,2025-07-15
540,Colin Hall,heather55@example.com,South Connie,Montana,2026-06-08
541,Amber Torres,millercameron@example.net,East Kimberlyville,Colorado,2025-02-05
542,Christopher Small,michele71@example.com,Port Matthewchester,Iowa,2025-03-25
543,Brittany Kemp,meyerjason@example.com,Wilsonchester,Ohio,2025-06-17
544,Amy Bowman,jacqueline26@example.net,Rileyberg,Wisconsin,2024-09-30
545,Adrian Ward,russell18@example.com,Port Stephaniemouth,Virginia,2024-09-17
546,Amanda Rivera,burtonrobert@example.net,Castromouth,Alabama,2025-05-30
547,Lisa Aguilar,fpark@example.org,Gloverfurt,Maine,2025-07-24
548,Jordan Ayala,kathy25@example.com,Port Ashley,Maine,2024-09-17
549,Denise Reynolds,athomas@example.org,South Lisa,Texas,2025-08-19
550,Joseph Mason,lorigrant@example.com,Washingtonport,Nebraska,2026-05-29
551,Daniel Cole,michaelbishop@example.org,Millerbury,New York,2026-06-25
552,Michael Marshall,jacobmay@example.org,New Thomasburgh,New Mexico,2025-05-11
553,Judy Golden,mhale@example.org,Judybury,Texas,2025-08-10
554,Julie Marshall,kcook@example.org,Jasminemouth,Maine,2025-09-30
555,Dr. Kaitlyn Mccoy,hayesbrenda@example.com,North Evanland,Utah,2026-01-29
556,Angela Tate,ashleysmith@example.com,New Gregoryville,Massachusetts,2025-02-01
557,Carrie Taylor,williamsamber@example.com,North Penny,North Carolina,2024-12-17
558,Brittany Collins,vkane@example.net,Wendyhaven,Kansas,2025-08-06
559,Kim Moore,gonzaleztony@example.com,Lake Sarah,Rhode Island,2025-07-13
560,Ryan White,wjackson@example.com,New Sheilaborough,Massachusetts,2026-04-23
561,Michael Nelson,mooredanielle@example.net,South Jonside,Utah,2024-11-18
562,Heather Wood,dianagreen@example.org,Westtown,Indiana,2025-08-10
563,Drew Day,armstrongnicholas@example.com,New Robertchester,Kentucky,2024-12-25
564,Jared Miller,davismichael@example.com,Thompsonborough,Michigan,2025-03-23
565,Daniel Fields,xpacheco@example.org,Powersland,Kentucky,2024-12-22
566,Elizabeth Garrison,fcollins@example.org,Port Rhonda,Maryland,2025-07-01
567,David Collins,richardbrown@example.org,Melissachester,Nebraska,2026-08-06
568,Michael Valdez,nirwin@example.com,Lake Kevinberg,Mississippi,2026-08-21
569,Richard Lewis,zmartin@example.net,Lake Shannon,Arizona,2024-10-18
570,Richard Charles,michelle04@example.com,North Hectorland,Louisiana,2024-09-17
571,Jasmine Austin,cfrye@example.net,Hunterbury,Oklahoma,2025-01-02
572,Jill Haas,wardrobert@example.org,Port Michaelfort,Minnesota,2024-09-11
573,Karen Campbell,lfitzpatrick@example.net,West Anthonyport,Utah,2026-06-17
574,Jay Rosario,smithkaitlin@example.com,Omarton,North Dakota,2025-09-03
575,Alison Andrews,manuel62@example.org,Hunterport,Idaho,2026-02-07
576,Thomas Romero,esalas@example.net,South Davidtown,Alaska,2025-12-29
577,Traci Martinez,jacobking@example.com,South Valerie,Wisconsin,2026-05-28
578,Jose Li,valdeznathan@example.net,Paulton,Indiana,2025-01-12
579,Brooke Scott,clarkbarbara@example.net,Sydneystad,Vermont,2025-05-21
580,William Vasquez,gateserika@example.org,West Aprilfort,Connecticut,2024-11-14
581,Susan Brown,wthompson@example.net,Port Williamborough,Michigan,2025-09-12
582,Caitlin Williams,navarrotyler@example.com,Munoztown,Kansas,2024-12-09
583,Shane Griffin DDS,jordan69@example.com,Ronaldtown,New York,2026-02-02
584,Michael Hall,vrobertson@example.net,North Bill,North Dakota,2026-07-17
585,Sonya Henderson,mharper@example.com,Moorestad,Indiana,2025-08-13
586,Eric Young,wanderson@example.com,Ochoaview,Massachusetts,2026-02-18
587,Sean Blanchard,clarkvanessa@example.net,Monicachester,North Carolina,2025-03-17
588,Destiny Klein,philipmathis@example.org,Port Karen,Maine,2025-04-08
589,Patrick Valdez,rivastracy@example.org,Port Matthew,Kansas,2025-10-23
590,Anthony Roberts,samuel59@example.com,North John,North Dakota,2026-02-15
591,Charlene Armstrong,manningstephen@example.net,Caitlinberg,Wisconsin,2025-01-03
592,Jennifer Drake,dwayne15@example.com,Lukebury,Tennessee,2025-02-17
593,Amy Johnson,robertramirez@example.net,Micheleberg,Mississippi,2025-04-07
594,Rhonda Mccoy,kjohnson@example.com,Lake Michealville,Utah,2025-11-02
595,Alexander Nelson,reynoldsbob@example.net,New Chelsealand,Ohio,2026-08-17
596,Angela Torres,rhondaedwards@example.org,East Arthur,Oklahoma,2026-01-16
597,Miss Donna Bishop MD,nicholasallison@example.net,Port Robertland,Alaska,2025-10-12
598,Daniel York,joneslaura@example.org,Moorestad,Michigan,2025-04-28
599,Destiny Williams,christine58@example.net,Owensfort,Nevada,2025-03-30
600,John Wilson,mstewart@example.net,Robinsonmouth,New Jersey,2024-12-02
601,Alexandra Kelley PhD,jon12@example.net,Bakerburgh,New York,2025-03-31
602,Debbie Orr,zachary24@example.net,Reynoldshaven,Rhode Island,2025-11-25
603,Nicole Brown,xjackson@example.org,Loveland,Virginia,2025-08-24
604,Anthony Castaneda,acostajonathan@example.com,Brucehaven,Nebraska,2025-04-18
605,Yvonne Davenport,dpage@example.org,West Richard,Illinois,2026-08-08
606,Samantha Griffith,lchambers@example.net,Gonzalezfurt,New Hampshire,2025-01-28
607,Joshua Farrell,james84@example.net,Bartlettland,Oklahoma,2026-03-09
608,Arthur Summers,nancy17@example.com,Samanthaport,Missouri,2024-09-19
609,John Randall,adrianbonilla@example.net,Richardsonton,Indiana,2026-05-16
610,Brandon Brooks,ddavis@example.org,Lake Abigailmouth,Wisconsin,2025-11-28
611,John Morris,stevenmerritt@example.org,East Jamesstad,New Jersey,2025-12-13
612,Katelyn Summers,lindseyabbott@example.org,North Christine,Texas,2024-11-24
613,Amy Holt,madisonmitchell@example.org,Alexanderview,Alabama,2025-06-14
614,Michelle Contreras,maria73@example.net,New Christophertown,Maryland,2026-01-17
615,Ashley Horne,shannonwatson@example.com,Terrellmouth,Ohio,2024-10-05
616,Melissa Henderson,silvaamy@example.org,Lake Jacqueline,Indiana,2025-08-08
617,Anthony Perez,lori10@example.net,West Duane,Vermont,2025-07-23
618,Donna Norton,donald71@example.com,West Brandon,Oklahoma,2025-06-13
619,Duane Smith,egriffin@example.com,South Anna,California,2026-04-05
620,Haley Thomas,zmiller@example.com,Tuckerport,Maine,2026-08-01
621,Charles Roberts,murrayscott@example.net,West Matthew,Oregon,2025-08-05
622,Christopher Chapman,mscott@example.com,Port Amberport,New Jersey,2026-03-08
623,Kevin Morales,shannon71@example.net,Lake David,Montana,2024-10-11
624,Daisy Davis,dhurley@example.com,Port Joycemouth,Louisiana,2026-03-31
625,Miranda Martinez,michaelweiss@example.org,Lake Jacquelinefurt,Illinois,2024-11-28
626,Terry Ferguson,ojones@example.net,North Megan,Rhode Island,2024-09-24
627,Chad Bates,matthewsnatalie@example.com,Russelltown,New Jersey,2025-08-21
628,Michael Fernandez,mthompson@example.com,North David,Indiana,2026-06-10
629,Joe Murphy,moorelindsey@example.net,Port Julieville,Maryland,2025-05-08
630,Kaitlyn Contreras,pflynn@example.net,Alvinmouth,Texas,2025-12-05
631,Randy Mcbride,peter00@example.org,North Roberttown,Mississippi,2025-01-09
632,Daniel Smith,reginaliu@example.com,Port Heatherberg,Tennessee,2025-06-10
633,Chad Green,kaylasalazar@example.com,New Michael,Montana,2025-03-30
634,Stephanie Martinez,scott54@example.com,Brendachester,New Mexico,2026-09-04
635,Brenda Palmer,cuevaselizabeth@example.net,Gonzalezmouth,Utah,2025-08-28
636,Nicole Carter,donald13@example.net,Harrischester,Wyoming,2025-02-23
637,Roger Anderson,xsmith@example.org,Sanchezville,Maine,2026-03-25
638,Kevin Jones,millslisa@example.net,Nicholsonberg,Oklahoma,2026-08-04
639,Tracey Hudson,bautistabradley@example.com,New Christophermouth,Tennessee,2024-12-10
640,Stephanie Gutierrez,meyeranthony@example.org,Jessefurt,Missouri,2025-07-26
641,Tammie Smith,qwilson@example.org,Stewartfurt,Texas,2025-05-24
642,Karina Gibson MD,ambermcneil@example.com,East Cathystad,Texas,2025-11-13
643,Michelle Hicks,johnsonrachel@example.org,South Jonathanside,Connecticut,2026-04-15
644,David Jones,sgoodwin@example.org,Ashleyville,South Dakota,2026-05-13
645,John Johnson,donald60@example.com,Rhondaville,Minnesota,2024-10-22
646,Margaret Wilson,knightalexandra@example.org,Lake Dustin,Rhode Island,2026-02-28
647,Timothy Lang,davidlin@example.org,East Jeffrey,New Jersey,2025-04-10
648,Mrs. Stephanie Harrington,kturner@example.org,Holdertown,New Mexico,2026-05-03
649,Heather Thompson,davisholly@example.net,Josefurt,Indiana,2025-09-06
650,Jeffrey Simon,carolryan@example.com,Pereztown,North Dakota,2025-06-13
651,Mikayla Butler,terrydonna@example.com,Douglasshire,California,2026-05-12
652,Bryan Stewart,joel95@example.org,Pennyborough,West Virginia,2025-09-15
653,Christine Hammond,jeffreygraham@example.org,Duncantown,Illinois,2026-07-04
654,Dwayne Butler,xbennett@example.org,East Arthurmouth,Michigan,2025-03-20
655,Blake Mckenzie,stricklanddouglas@example.net,South Kathleenville,Maryland,2024-09-17
656,Alice Perez,edwardstabitha@example.net,Luceroburgh,West Virginia,2026-06-07
657,Walter Fox,jessica58@example.com,Melissaside,New Jersey,2025-10-21
658,Kathryn Brown,rodriguezchristopher@example.org,New Crystal,Delaware,2025-03-14
659,Connie Hickman,gsmith@example.org,Kellyburgh,Montana,2024-09-26
660,Christopher Olson,stephaniecurry@example.com,West Brittanyside,North Carolina,2025-07-31
661,Kyle Ellis,janicelin@example.org,Amberville,New Jersey,2025-05-13
662,Susan Guzman,greencourtney@example.org,Mitchellchester,North Carolina,2025-05-10
663,Christine Gregory,prattmichael@example.com,South Vicki,South Carolina,2025-10-09
664,Jeremy Anderson,robinsonjoshua@example.com,Lopeztown,Minnesota,2026-06-21
665,Emily Acosta,taylorscott@example.com,East Ashleyport,Kansas,2025-03-01
666,Christopher Williams DDS,ramseybruce@example.org,New Shawn,Louisiana,2025-01-16
667,Juan Weaver,sharpmichael@example.org,Bairdton,Iowa,2026-04-08
668,Sydney Brady,wattsjessica@example.com,Port Paulmouth,Colorado,2026-01-16
669,Joshua Roberson,kylie85@example.com,Lopezfort,Washington,2024-10-21
670,Tonya Brown,woodgabriel@example.org,Glenmouth,South Dakota,2026-01-27
671,Jacob Bolton,wadeelizabeth@example.net,East Sheilaburgh,West Virginia,2025-07-19
672,Victoria Williams,sandy31@example.com,Port Antonioberg,Virginia,2024-12-06
673,Benjamin Hughes,benjamin18@example.org,East Mariafurt,New Hampshire,2025-01-31
674,Norman Mcintosh,gregorykelly@example.net,West Sarahberg,Delaware,2026-06-18
675,David Christian,wilsontracey@example.com,Gilesside,Alabama,2025-04-09
676,Ryan Dalton,everettryan@example.net,South Joshuaton,South Carolina,2025-11-10
677,John Tapia,james45@example.com,North Anna,Georgia,2025-08-07
678,Dawn Cruz,ssantiago@example.net,East Tracy,Minnesota,2026-02-10
679,Gabriel Glass,woodsrenee@example.net,South Michael,Kentucky,2026-05-30
680,Jeffery Torres,miranda91@example.net,Fordport,Maryland,2025-06-14
681,Lisa Soto,michael72@example.org,North Anthonyfort,Kansas,2025-09-28
682,Holly Aguilar MD,rwhite@example.com,North Mark,Arkansas,2025-12-12
683,Cynthia Zavala,tiffany09@example.org,Harristown,Indiana,2025-08-19
684,Darlene Ingram DVM,robin07@example.net,New Brandonshire,Mississippi,2024-12-03
685,Mary Douglas MD,gatesjennifer@example.com,Hallport,Georgia,2025-01-03
686,William Waller,katherinejones@example.org,East Amy,Oregon,2024-09-12
687,Annette West,tylerglenn@example.com,West Troyburgh,Alaska,2024-09-18
688,Peter Mendoza,dalenguyen@example.com,New Robertshire,Connecticut,2025-09-07
689,Shawn Shaw,vwest@example.org,North Bradleyland,Pennsylvania,2026-05-12
690,David Luna,mflynn@example.org,Mortonmouth,Louisiana,2025-11-15
691,Eric Shaw,theresaanderson@example.org,Brooksburgh,Maryland,2026-08-23
692,Joan Perez,ycabrera@example.net,Maryshire,Oklahoma,2025-12-22
693,Nicholas Quinn,jimenezrobert@example.net,Russellville,North Dakota,2025-04-08
694,Lisa Turner,john49@example.org,East Lisa,Ohio,2026-03-30
695,Cynthia Taylor,dominique21@example.net,Port Heatherfurt,Kansas,2026-09-09
696,Robert Brock,daltonmarie@example.net,Lake Erinfurt,Tennessee,2024-10-22
697,Robert Solis,vhall@example.com,Andreaborough,West Virginia,2024-10-29
698,Catherine Mooney,gonzalezkeith@example.org,Kristinachester,North Dakota,2025-01-27
699,Robert Walls,zhernandez@example.com,North Jeffrey,Oregon,2025-05-26
700,Jasmine Daniel,ichavez@example.net,East Brian,New Jersey,2025-04-28
701,Juan Smith,david86@example.net,Walshton,Kentucky,2026-03-28
702,Joel Chavez,crystalcarter@example.net,New Stephen,Idaho,2026-06-05
703,Jordan Ortega,xsmith@example.net,Elizabethborough,Rhode Island,2025-03-15
704,James Woodward,michellealvarez@example.org,Blevinsport,South Carolina,2026-01-07
705,Christine Garrison,warrenjennifer@example.org,Juareztown,Oregon,2025-09-10
706,Jennifer Henson,xgonzalez@example.net,Simmonsville,Oklahoma,2025-12-08
707,Megan Walls,debra10@example.org,Patrickbury,New Mexico,2024-10-14
708,Casey Rice,phillipcallahan@example.net,Cordovastad,Iowa,2024-11-25
709,David Thompson,mark61@example.org,West Kathrynmouth,Indiana,2025-07-20
710,Steven Cantu,stephenmcgee@example.org,Mcdanielshire,Kentucky,2025-09-23
711,Barbara Blanchard,williamsmatthew@example.net,Mooreburgh,Wisconsin,2025-08-17
712,Jessica Massey,lisastone@example.com,North Sean,California,2024-11-09
713,Kent Parks,richard72@example.net,South Robertmouth,Colorado,2026-07-12
714,Laura Anderson,natalie39@example.net,Shawnfort,Oregon,2025-05-03
715,Emily Fowler,sflores@example.net,East Kendra,Wisconsin,2026-03-18
716,Jonathon Weaver,shelby21@example.org,Kristitown,Nevada,2025-07-02
717,Daniel Moyer,jennifer17@example.com,West Sierraview,Indiana,2025-10-02
718,Anthony Smith,slopez@example.org,Terryton,California,2024-12-06
719,David Gay,charles01@example.com,North Mariachester,Texas,2025-02-16
720,Richard Peterson,dmoran@example.org,Lake Deborah,Ohio,2025-09-03
721,Brittany Reese,beverlyrobinson@example.com,Port Daisy,North Carolina,2025-09-14
722,Devin Jones,edwardsnicholas@example.org,Nathanport,Wisconsin,2025-05-05
723,Sharon Wright,derek88@example.org,Lake Mary,Oregon,2026-09-02
724,Dennis Andersen,cynthiacontreras@example.com,Stephenstown,Massachusetts,2025-06-12
725,Jose Avila,john66@example.org,Lake Christopher,Georgia,2026-07-11
726,Shelley Ellis,jackreynolds@example.net,Johnburgh,Nevada,2025-07-18
727,Joseph Diaz,daniel53@example.com,Danielborough,Nevada,2025-11-11
728,Justin Powell,reedjuan@example.com,Carterbury,Wisconsin,2024-12-04
729,James Garza,tyoung@example.net,West Michellehaven,North Dakota,2024-10-10
730,Teresa Escobar,gdavis@example.net,New Robinport,New Jersey,2026-01-18
731,Diana Sanchez,kathryn39@example.net,Gibsonchester,Hawaii,2025-04-10
732,Caitlin Hoover,patricktucker@example.net,Cabreraport,Michigan,2026-07-20
733,Destiny Rodriguez,michael43@example.com,South Gregory,Vermont,2026-02-14
734,Alexander Wiggins,thomasbryce@example.com,Richardsonmouth,Illinois,2025-08-30
735,Brenda Sparks,gsherman@example.com,Ericland,Alabama,2025-09-30
736,Douglas Delgado,anthony86@example.org,South Ryanview,Connecticut,2026-03-08
737,Christina Jenkins,bryantdonna@example.net,Kleinmouth,Missouri,2025-01-30
738,Kevin Sherman,scott42@example.net,Trujilloland,California,2024-12-28
739,Michele Moore,rodriguezelizabeth@example.net,Jacquelinemouth,Alaska,2025-06-20
740,Shawna Ramos,isabelbates@example.org,North Amanda,Delaware,2025-12-17
741,Tyler Burton,laura29@example.com,South Alexis,Kansas,2024-09-20
742,Nicole Johnson,joshua81@example.net,South Stevenville,Montana,2026-03-10
743,Brandon Cannon,xbryant@example.com,Kirstenborough,South Dakota,2026-03-31
744,Noah Mcclain,paulmckay@example.net,Julieview,Tennessee,2025-03-20
745,Paul Wallace,michaelwallace@example.org,Matthewsshire,Colorado,2026-08-01
746,Danielle Casey,josephburton@example.org,North Emmaport,Iowa,2025-02-14
747,Christopher Christensen,wilsonlorraine@example.net,Jamesmouth,Virginia,2025-08-08
748,Thomas Ramos,raymondjohnson@example.net,Kennethview,Oklahoma,2024-10-24
749,James Boyd,aimee70@example.org,Morganmouth,New Jersey,2025-11-01
750,Daniel Manning,taylorshirley@example.com,Amychester,North Dakota,2026-07-27
751,Richard Small,bsmith@example.net,Sullivanbury,Tennessee,2026-06-03
752,Kelly Bean,danielkelly@example.org,Jasonland,Maryland,2025-01-08
753,Rachel Costa,sarahmann@example.net,New Rebecca,Tennessee,2025-11-26
754,David Grimes,espinozacarol@example.org,West Dawn,Utah,2025-06-25
755,Brett Martinez,curtis88@example.com,East Jonathanside,Mississippi,2025-03-02
756,Robert Martin,spencerbrandon@example.net,Debbiestad,Indiana,2026-06-20
757,Jennifer Green,ortizjacob@example.org,East Joseph,Oregon,2026-07-14
758,Kevin Nelson,jacksonalexandria@example.org,Perezside,Arkansas,2025-04-30
759,Brandi Williams,petersoncurtis@example.org,Wellsbury,Hawaii,2025-04-17
760,Donald Preston Jr.,lisaparker@example.org,Lake Stacyborough,Indiana,2025-04-15
761,Christine Buchanan,xkim@example.com,Amandamouth,California,2026-04-11
762,Gina Ortiz,woodbob@example.com,South Brian,Virginia,2025-08-29
763,Anita Hernandez,torresdennis@example.org,Brandiland,Indiana,2025-06-08
764,Robin Marks,ymartinez@example.net,West Michaelachester,Minnesota,2026-04-10
765,William Simpson,pamela96@example.org,Michaelland,Nevada,2026-08-14
766,Nicole Curtis,alexisgardner@example.org,Port Michael,South Carolina,2025-10-14
767,Carlos Barrett,millermark@example.com,East Shawntown,Wyoming,2025-04-23
768,Julia Fry,mistycooper@example.org,South Brianna,Connecticut,2024-11-11
769,Ivan Wood,jasonsmall@example.org,North Antonio,North Dakota,2026-02-28
770,William Reese,marisa15@example.net,New Thomas,Connecticut,2024-09-16
771,Andrew Johnson,christine99@example.org,Mariaview,Iowa,2026-07-18
772,Brittney Schmidt,hprice@example.org,Lake Helenland,West Virginia,2026-07-04
773,Dominique Williamson,timmullins@example.com,Lake Amy,Nevada,2025-02-26
774,Robert Martinez,rperry@example.com,North Gerald,Arizona,2026-08-09
775,Rebecca Lopez,christopher30@example.net,Kimberlytown,Wisconsin,2026-01-28
776,Amber Gibson,xdavis@example.net,Port Carlosborough,Wyoming,2026-05-31
777,Matthew Silva,haleyangela@example.com,Evansstad,Connecticut,2025-01-09
778,Diana Joseph,singhdanielle@example.com,Jessicatown,Utah,2026-07-20
779,Erin Kemp,jamie26@example.net,North Amberhaven,Kansas,2025-12-09
780,Michael Ortega,danielsingh@example.net,East Johnfort,Alabama,2025-07-20
781,Timothy George,hansonangela@example.org,Jessicaside,Idaho,2025-02-01
782,Krystal Martin,stevensmith@example.net,South Katherinebury,New York,2025-06-05
783,Derrick Thompson,michael87@example.org,East Robert,Texas,2026-02-02
784,Crystal Martin,nortega@example.org,South Peter,Wyoming,2026-06-18
785,Jacob Porter,erikamason@example.org,Port Nathanielchester,Arizona,2025-10-12
786,Ryan Henry,kristymartin@example.org,Pattersonbury,Indiana,2026-02-26
787,Mary Ross,rgoodwin@example.com,Johnsonport,New Mexico,2026-05-13
788,Lisa Jackson,iryan@example.org,West Amberborough,New Hampshire,2026-01-14
789,Gina Wolfe,edward44@example.net,Farmerfurt,Kansas,2026-07-19
790,Eric Schneider,kathleen51@example.com,Port Jeremy,New York,2025-05-15
791,Charles Garrett,sheilastewart@example.com,Valenciamouth,Oregon,2025-05-19
792,Ann Patterson,ijames@example.org,Andreaview,Missouri,2025-05-07
793,Jeanette Mckenzie,johnshaw@example.net,North Daniel,Alabama,2025-12-12
794,Rebecca Simpson,starktiffany@example.org,Lawsonchester,Massachusetts,2025-03-23
795,Alex Anderson,tyler93@example.org,Danielside,Nebraska,2026-08-20
796,Todd Wright,jeffreygomez@example.com,Nguyenfurt,Kansas,2026-02-23
797,Jeffrey Bush,calderonerica@example.net,Port Julian,Wisconsin,2026-04-12
798,Joseph Moore,michaelkirk@example.net,New Stephen,Minnesota,2025-10-14
799,William Pearson,jeffreyandrews@example.com,Lake Raymond,Rhode Island,2026-01-16
800,Charles Rodriguez,dianethompson@example.net,North Alexanderstad,Minnesota,2025-04-26
801,Austin Thompson,francis60@example.com,New Christopher,Massachusetts,2025-01-04
802,Rebecca Garrett,danny22@example.org,Sparksberg,Washington,2025-01-21
803,Alexa Edwards,brittany52@example.net,Robbinstown,South Carolina,2025-02-27
804,Jeffrey Jennings,washingtonscott@example.net,South Clintonshire,Oregon,2025-04-09
805,Andrew Atkinson,colinvaldez@example.org,Singletonville,Nebraska,2025-01-03
806,Lisa Garcia,ssmith@example.com,Ericview,Minnesota,2026-03-30
807,Jose Hayes,lisa57@example.com,New Brentmouth,Minnesota,2025-03-28
808,William Higgins,bryan15@example.com,Rosetown,Minnesota,2024-09-28
809,Michael Gonzalez,vsmith@example.com,Hollyberg,New Jersey,2024-12-08
810,Bradley Campbell,jaimehughes@example.net,Lake Jill,Missouri,2026-05-26
811,Dr. Matthew Massey,leemichelle@example.net,Jenningsberg,South Carolina,2026-06-28
812,Zachary Martinez,ktucker@example.org,Davidfurt,Indiana,2025-11-14
813,Ashley Perez,joshuaking@example.com,New Jenniferburgh,New York,2025-05-13
814,Ashley Wilson,qford@example.net,South James,Tennessee,2024-11-25
815,Christina Green,raymond30@example.org,Port Tonyafort,South Dakota,2025-06-20
816,Courtney Nelson,michaelhicks@example.org,Webbchester,New Jersey,2026-05-17
817,Carol Roth,dianajackson@example.org,Williamview,Alaska,2026-02-24
818,Jennifer Costa,smithchristopher@example.org,Whiteshire,Hawaii,2026-07-26
819,Laura Williams,lmartin@example.com,Reedchester,South Carolina,2026-06-22
820,Tyler Cochran,dustinfisher@example.com,West Jamesmouth,Washington,2025-09-13
821,Matthew Lewis,kathleen35@example.net,East Wayne,New York,2026-02-25
822,Linda Richardson,amyolson@example.net,North Alexandria,Massachusetts,2026-06-14
823,Kimberly Smith,xlloyd@example.org,Lindseystad,Mississippi,2025-10-12
824,Roger Morrow,vaughnjeremy@example.org,Rhondafurt,North Carolina,2024-09-26
825,John Novak,alicia80@example.org,South Connor,Montana,2025-05-12
826,Kevin White,matthewmiller@example.net,Gonzalezstad,New Jersey,2025-12-10
827,Olivia Smith,ktorres@example.net,West Nicoleton,Kentucky,2025-04-06
828,Tammy Conrad,njohnson@example.net,South Andremouth,Virginia,2026-07-31
829,Tiffany Williams,lambpaul@example.net,Port Crystal,South Dakota,2025-04-19
830,Tammy Collins,vfowler@example.com,Lake Ritamouth,Massachusetts,2025-11-01
831,Veronica Combs,angelajenkins@example.org,Kellyland,Nevada,2024-11-07
832,Lisa Sullivan,montgomerydustin@example.com,Port Kyle,West Virginia,2025-12-06
833,Paula Werner,mschneider@example.org,Oliverhaven,California,2024-12-23
834,Ann Palmer,harrisonjoseph@example.org,South William,New York,2026-01-16
835,David Ball,lisajordan@example.net,North James,West Virginia,2026-09-05
836,Ashley Day,paulphelps@example.org,West Matthewchester,Tennessee,2026-02-25
837,Erica Wright,ihoward@example.org,Luisburgh,Kentucky,2024-11-20
838,Caitlin Berg,ynicholson@example.net,Thompsonmouth,Louisiana,2026-08-14
839,Cheryl Scott,hughesrobert@example.com,Lake Cassandratown,Maryland,2025-01-25
840,Adam Hull,hooverstephen@example.com,Frankville,Montana,2025-08-18
841,Brittney Lloyd,hayesmatthew@example.org,Mullinschester,North Dakota,2026-02-02
842,Angela Hopkins,laura82@example.org,Lake Matthewton,Montana,2025-07-10
843,Karen Robbins,hgreen@example.com,Ritaborough,Indiana,2025-12-31
844,Samantha Henderson,ywhite@example.org,Rhondaburgh,Virginia,2025-08-19
845,Mary Williams,jessica94@example.org,Amandaton,Delaware,2025-02-19
846,Hannah Russo,benderrebecca@example.org,Kennethport,New York,2025-04-12
847,Amanda Bean,kelseybryant@example.org,South Dean,Iowa,2024-11-20
848,Dave Watkins,yjackson@example.net,Tammyborough,Iowa,2025-08-28
849,Jessica Riddle,cmadden@example.org,New Jennifer,Louisiana,2025-12-18
850,Jessica Bautista,andrew28@example.net,Mccarthyshire,Kansas,2024-12-13
851,Joseph Hood,nicholas22@example.net,Millerton,Maryland,2026-08-15
852,James Hampton,jamiejones@example.com,Evansland,Missouri,2026-09-11
853,Amy Hooper MD,charles39@example.org,Michelleport,Louisiana,2026-04-07
854,Christopher Velez,iwilkerson@example.org,West Rodney,Idaho,2025-12-30
855,Natasha Cruz,bradleyheather@example.net,Wilsonbury,Nevada,2024-12-10
856,Hector Douglas,karenfischer@example.com,Carrilloview,Wisconsin,2025-02-21
857,Bonnie Moore,hvaldez@example.com,East Gregory,Idaho,2025-02-19
858,Kevin Rocha,mark97@example.com,Hannahview,Wisconsin,2024-10-18
859,Pamela Wolf,vclark@example.com,North Kimberlymouth,North Dakota,2024-11-25
860,Michael Chavez,rebeccaprice@example.org,Lake Morgan,Tennessee,2026-05-04
861,Tonya Carlson,timothydavis@example.org,Port Robertbury,Vermont,2025-06-05
862,Regina Pugh,keithhill@example.net,New Scott,Oregon,2025-10-27
863,Karen Joseph,johnsonjohn@example.net,Travisport,New York,2025-10-29
864,Matthew Deleon,morannicole@example.net,Johnsonport,Florida,2024-12-16
865,Harold Ortiz,allenjulie@example.net,Port Rebecca,California,2025-02-28
866,Katie Miller,yforbes@example.com,West Daniel,Pennsylvania,2025-05-21
867,Richard Hardy,lisa58@example.org,Antoniobury,Massachusetts,2025-05-19
868,Dr. Erik Dunlap,david57@example.com,New Timothymouth,North Dakota,2024-12-06
869,Christopher Rodriguez,russelljonathan@example.org,Boydland,Idaho,2025-04-20
870,Jaime Wilson,ramirezthomas@example.org,Garyborough,Minnesota,2025-08-11
871,Melissa Rogers,lnelson@example.com,Millerchester,Louisiana,2025-07-05
872,Omar Sutton,pharrell@example.org,Jonesside,Nevada,2025-09-14
873,Dawn Stewart,edwardscharles@example.com,Fosterstad,Kentucky,2024-10-29
874,Debra Cameron,daniel06@example.org,Delgadostad,Arkansas,2026-04-30
875,Frederick Harvey,lesamuel@example.org,Michaelburgh,Wisconsin,2024-09-12
876,Joshua Fritz,tamara26@example.net,Port Johnbury,Michigan,2026-04-27
877,Katrina Miller,browndawn@example.org,Heidiport,Arkansas,2025-10-28
878,Carlos Vang,allenerin@example.net,Gibsonberg,Tennessee,2024-12-03
879,Marcus Carpenter,thomas21@example.net,Michaelhaven,Michigan,2025-10-18
880,Joseph Myers,wbryant@example.com,Timothychester,Nevada,2026-02-14
881,Dennis French,hannah63@example.com,West Clifford,New Hampshire,2025-07-09
882,Jordan Ross,mparrish@example.net,Port Jake,Massachusetts,2026-05-11
883,Sabrina Booth,christinanguyen@example.org,Loganland,Missouri,2024-10-27
884,Tracy Munoz,jonesmark@example.com,Jacobville,South Dakota,2026-02-19
885,Timothy Jensen,belljenna@example.org,South Suehaven,Arkansas,2026-09-07
886,Darlene Levy,kevincoleman@example.com,South Pamela,Washington,2026-05-07
887,Mary Boyd,aross@example.net,Vasquezshire,Alabama,2026-05-07
888,Michael Johnson,alexisaguilar@example.net,Lopezstad,Montana,2026-03-30
889,Ricardo Barry,mjensen@example.com,North Timothyland,Texas,2025-06-18
890,Lori Carter,jesse42@example.com,West Leahfort,Connecticut,2025-12-18
891,Matthew Henderson,wmyers@example.net,Howellmouth,West Virginia,2026-07-19
892,Maureen Thomas,jonesashley@example.net,Combston,Delaware,2024-10-25
893,Brianna Patel,kingbrian@example.net,Brownbury,Virginia,2025-03-16
894,Ms. Tracey Hickman,johnsonrachel@example.com,East Heidi,Rhode Island,2025-07-25
895,Stephanie Smith,breannabrady@example.com,Willieburgh,Illinois,2025-03-03
896,Theresa Smith,blackburnolivia@example.net,Rogersfurt,Indiana,2024-09-19
897,Jeremy Gomez,ljackson@example.com,New Brandon,Ohio,2025-05-24
898,Donna Frey,stewartlaura@example.org,West Jenniferstad,Oregon,2025-07-14
899,Tracy Smith,gonzaleztraci@example.org,Laurenborough,Alabama,2025-02-22
900,Jennifer Washington,garciawilliam@example.com,Lake Charlesburgh,Massachusetts,2025-02-22
901,Barbara Anderson,mwebb@example.com,North Stevenland,Pennsylvania,2025-09-28
902,Emily Blake,sandralevine@example.net,Lake Jonathantown,Ohio,2026-01-10
903,Samuel Edwards,nichole00@example.org,New Madison,Georgia,2024-11-17
904,Cory Grimes,parkerscott@example.com,Jessicaview,Ohio,2026-01-18
905,Derek Baker,rhondahammond@example.org,Christinaton,Texas,2026-09-06
906,Jessica Goodman,brittany93@example.com,Hughesburgh,South Carolina,2026-06-18
907,Bridget Rodriguez,crystalthompson@example.org,Port Nicholas,Ohio,2026-06-24
908,Robert Robinson,nicholas97@example.net,Villegasshire,Tennessee,2025-02-23
909,Carl Graves,eduardo13@example.net,West Andrew,North Dakota,2025-02-11
910,Michael Hodges,portermark@example.net,Connermouth,Louisiana,2024-12-17
911,Corey Guerra,xschroeder@example.net,Lake Wendymouth,North Carolina,2025-12-22
912,Dana Hernandez,coxmichael@example.net,Shawmouth,Maine,2025-07-29
913,Kara Klein,josephmay@example.org,South Audreyfort,Georgia,2025-08-31
914,Tammy Li,anthonykayla@example.org,West Richard,South Dakota,2025-01-17
915,Diana Sanchez,phester@example.com,Andreamouth,California,2026-03-25
916,Ana Santos,tiffanysparks@example.org,South Sergio,Nevada,2026-09-06
917,John Morgan,jbrewer@example.com,Bartlettton,Indiana,2024-10-09
918,Steven Hall,perezjoseph@example.org,Lake Bradleyside,South Carolina,2025-07-12
919,Ronald Vega,zpadilla@example.com,South Amanda,New Hampshire,2024-09-27
920,Michelle Medina,bwilkinson@example.com,Michaelside,Delaware,2026-02-21
921,Emily Coleman,djohnson@example.org,South Suzanne,Kentucky,2025-04-16
922,Benjamin Jones,kristinfuller@example.com,West Alexander,Hawaii,2025-07-17
923,Deborah Johnson,jared18@example.net,Martinchester,Maine,2026-05-19
924,Jasmine Garcia,nkelly@example.org,Cainmouth,New York,2026-08-12
925,Scott Smith,mahoneyvicki@example.net,Knightland,Colorado,2024-12-23
926,Jennifer Forbes,cooperabigail@example.com,South Laurie,Virginia,2025-05-29
927,Ronnie Green,zwillis@example.org,Whiteville,North Dakota,2026-05-16
928,Amy Klein,singletonwilliam@example.com,New Michael,Virginia,2025-08-05
929,Lauren Guerrero,joshuadavis@example.net,New Timothyside,Virginia,2025-11-20
930,Sarah Williams,pamela86@example.net,Port Codyside,Wisconsin,2026-07-03
931,Derek Crawford,bmckee@example.com,East Lauren,Tennessee,2025-08-28
932,Alicia Hill,hannah52@example.org,Goldentown,Arizona,2025-10-31
933,Marissa Christensen,oliverantonio@example.net,New Soniafurt,Nebraska,2025-01-10
934,David Smith,dbaker@example.org,Lorifort,Maine,2026-02-25
935,Adriana Gutierrez,taguilar@example.net,Lake Eric,New Mexico,2026-06-18
936,Susan Kelly,claudia06@example.org,Rodriguezhaven,Washington,2025-08-09
937,Darrell Herrera,hbautista@example.org,Cobbshire,South Dakota,2026-07-27
938,Samuel Green MD,olee@example.com,New Anneberg,Rhode Island,2024-11-01
939,Suzanne Chavez,cedwards@example.com,North Bryanfurt,Kentucky,2025-03-17
940,Nancy Barajas,mwebb@example.com,Lestad,Maine,2025-07-12
941,Stephanie Alvarez,williamsashley@example.com,Port Benjamin,Florida,2026-01-07
942,Victor Wright,melissascott@example.net,Ericmouth,Illinois,2026-08-16
943,John Fuller,daniellewhite@example.org,South Kathleen,Nevada,2025-01-05
944,Kayla Jackson,acarr@example.com,Sherryborough,Missouri,2026-07-15
945,Chad Gibson,arthur34@example.org,North Charlesburgh,New Jersey,2026-01-31
946,James Miles,hullpatrick@example.org,New Savannahside,Connecticut,2025-01-23
947,Tracy Lin,leanne@example.org,Cathyshire,Idaho,2024-12-10
948,Troy Davis,hopkinslynn@example.net,Wallacemouth,North Carolina,2025-03-08
949,George Castro,peterkelly@example.org,Lake Mary,New York,2026-05-31
950,Michelle Harding,leejustin@example.com,Lake Troy,Kansas,2026-05-08
951,Kimberly Grant,dianahampton@example.net,East Craigland,Idaho,2026-01-24
952,Andrea Bennett,brian18@example.net,Tammychester,Maryland,2026-04-30
953,Jesse Ellis,todd06@example.net,Millerside,Iowa,2024-11-10
954,Crystal Hamilton,fmartin@example.net,Cohenfort,New Jersey,2025-08-24
955,Kenneth Patterson,nrios@example.net,Michelleborough,Hawaii,2025-11-17
956,Roger Wilson,nathansmith@example.org,Emmaland,Hawaii,2025-07-16
957,Ryan Hamilton,ronald58@example.net,West Brianbury,California,2025-01-26
958,Arthur Bennett,holly12@example.org,East Tony,Minnesota,2024-11-29
959,Jay Floyd,johnsummers@example.net,Port Steventon,Massachusetts,2024-09-28
960,Christopher Bryan,vwilson@example.com,East Heather,Maryland,2025-03-16
961,Thomas Clark III,jeffrey11@example.net,New Tracey,Alabama,2025-03-03
962,Karen West,fferguson@example.org,Wilsonberg,West Virginia,2025-04-14
963,Kevin Rivera DDS,kathleenluna@example.net,West Andreafurt,Kentucky,2026-04-12
964,Marcus Andrews,pvance@example.net,New Kathrynside,Utah,2025-04-29
965,Jessica Williams,ovelez@example.com,East Ravenberg,Wyoming,2025-10-11
966,Brian Harrison,inichols@example.com,New Kathrynport,Kansas,2026-06-18
967,Richard Saunders,amberwiggins@example.net,Johnsonburgh,Ohio,2026-02-21
968,Jason Jackson,sosaedward@example.net,Fieldsport,California,2025-02-01
969,Alan Juarez,ann96@example.org,Crystalberg,Maryland,2026-02-14
970,Elizabeth Welch,tammyhenry@example.org,Lake Chrisstad,Kansas,2026-02-09
971,Andrew Klein,randy92@example.org,Matthewtown,Louisiana,2024-10-25
972,Lindsay Hamilton,jasonbarnes@example.net,North James,Idaho,2025-04-14
973,Debbie Carpenter MD,rthompson@example.com,Campbelltown,New York,2025-09-23
974,James Roberts,tara87@example.org,Port Nathanside,South Carolina,2026-04-26
975,Christopher Clark,iavila@example.net,Lake Denise,Alabama,2024-09-27
976,Marc Hernandez,mooremichael@example.com,Gutierreztown,Georgia,2025-09-19
977,Scott Garcia,rbean@example.com,Richardborough,Delaware,2025-03-18
978,Miguel Murray,levans@example.org,Brownport,Nevada,2026-05-02
979,Dr. James Guzman,murphyemily@example.org,Russellmouth,Maine,2025-03-26
980,Gary Vaughn,lisafoley@example.net,Heatherland,New Mexico,2025-11-06
981,Dylan Porter,kevin56@example.net,Cantuville,Arkansas,2025-06-26
982,Michael Ferrell,ashleyoconnor@example.org,East Kayla,Washington,2024-11-04
983,Amanda Moreno,dfrancis@example.org,Lake John,South Dakota,2025-01-31
984,Linda Stephens,ubrown@example.net,Lake Kelly,Nebraska,2025-05-03
985,Michelle Phillips,brownthomas@example.net,North Josephland,Louisiana,2024-12-16
986,Darrell Wilson,tarafrye@example.com,Smithmouth,Louisiana,2026-01-06
987,Jennifer Rodriguez,gomezrachel@example.org,Stephensmouth,Illinois,2024-12-26
988,Barbara Maldonado,longjeffrey@example.com,Port Davidfort,Wyoming,2025-11-18
989,Cassandra Love,gbass@example.com,Lake Crystal,Iowa,2025-03-28
990,Sharon Pham,hsimpson@example.net,South Martinstad,California,2025-04-25
991,Madison Schwartz,david36@example.com,South Kyle,Iowa,2025-09-30
992,Timothy Cannon,douglas33@example.com,Josephport,North Dakota,2025-09-30
993,Deanna Oliver,thomas93@example.com,Warnerland,New Mexico,2025-11-27
994,Susan Garcia,marshbrian@example.com,Amymouth,Nebraska,2026-07-24
995,Alexander Pope,smacdonald@example.org,Griffinfurt,Virginia,2026-01-05
996,Mark Smith PhD,teresarichards@example.org,New Thomasland,Texas,2025-01-04
997,Thomas Lane,hendersonvictoria@example.net,Fernandezmouth,Wisconsin,2025-07-07
998,Kaylee Anderson,phammelissa@example.org,Brendabury,South Carolina,2026-01-27
999,Christine Davis,nielsenmichelle@example.org,South Donna,Missouri,2025-08-31
1000,William Carroll,fwilson@example.com,Lake Jenniferchester,New York,2024-11-17
